,"Crop And Animal Production, Hunting And Related Service Activities  ",Forestry And Logging  ,Fishing And Aquaculture  ,Mining Of Coal And Lignite  ,Extraction Of Crude Petroleum And Natural Gas  & Mining Of Metal Ores,Other Mining And Quarrying  ,Mining Support Service Activities  ,Processing and preserving of meat and production of meat products,"Processing and preserving of fish, crustaceans, molluscs, fruit and vegetables",Manufacture of vegetable and animal oils and fats,Manufacture of dairy products,"Manufacture of grain mill products, starches and starch products",Manufacture of bakery and farinaceous products,Manufacture of other food products,Manufacture of prepared animal feeds,Manufacture of alcoholic beverages  & Tobacco Products,Manufacture of soft drinks; production of mineral waters and other bottled waters,Manufacture Of Textiles  ,Manufacture Of Wearing Apparel  ,Manufacture Of Leather And Related Products  ,"Manufacture Of Wood & Products Of Wood & Cork, Except Furniture; Manuf. Of Articles Of Straw",Manufacture Of Paper And Paper Products  ,Printing And Reproduction Of Recorded Media  ,Manufacture Of Coke And Refined Petroleum Products  ,"Manufacture of paints, varnishes and similar coatings, printing ink and mastics","Manufacture of soap & detergents, cleaning & polishing, perfumes & toilet preparations",Manufacture of other chemical products,"Manufacture of industrial gases, inorganics and fertilisers (inorganic chemicals) - 20.11/13/15",Manufacture of petrochemicals - 20.14/16/17/60,"Manufacture of dyestuffs, agro-chemicals - 20.12/20",Manufacture Of Basic Pharmaceutical Products And Pharmaceutical Preparations,Manufacture Of Rubber And Plastic Products  ,"Manufacture of cement, lime, plaster and articles of concrete, cement and plaster","Manufacture of glass, refractory, clay, porcelain, ceramic, stone products - 23.1-4/7-9",Manufacture of basic iron and steel,Manufacture of other basic metals and casting,Manufacture of weapons and ammunition,"Manufacture of fabricated metal products, excluding weapons & ammunition - 25.1-3/5-9","Manufacture Of Computer, Electronic And Optical Products  ",Manufacture Of Electrical Equipment  ,Manufacture Of Machinery And Equipment N.E.C.  ,"Manufacture Of Motor Vehicles, Trailers And Semi-Trailers  ",Building of ships and boats,Manufacture of air and spacecraft and related machinery,Manufacture of other transport equipment - 30.2/4/9,Manufacture Of Furniture  ,Other Manufacturing  ,Repair and maintenance of ships and boats,Repair and maintenance of aircraft and spacecraft,Rest of repair; Installation - 33.11-14/17/19/20,"Electric power generation, transmission and distribution",Manufacture of gas; distribution of gaseous fuels through mains; steam and aircon supply,"Water Collection, Treatment And Supply  ",Sewerage  ,"Waste Collection, Treatment And Disposal Activities; Materials Recovery  ",Remediation Activities And Other Waste Management Services  ,Construction,Wholesale And Retail Trade And Repair Of Motor Vehicles And Motorcycles  ,"Wholesale Trade, Except Of Motor Vehicles And Motorcycles  ","Retail Trade, Except Of Motor Vehicles And Motorcycles  ",Rail transport,"Land transport services and transport services via pipelines, excluding rail transport",Water Transport  ,Air Transport  ,Warehousing And Support Activities For Transportation  ,Postal And Courier Activities  ,Accommodation  ,Food And Beverage Service Activities  ,Publishing Activities  ,"Motion Picture, Video & TV Programme Production, Sound Recording & Music Publishing Activities & Programming And Broadcasting Activities",Telecommunications  ,"Computer Programming, Consultancy And Related Activities  ",Information Service Activities  ,"Financial Service Activities, Except Insurance And Pension Funding  ","Insurance, reinsurance and pension funding services, except compulsory social security",Activities Auxiliary To Financial Services And Insurance Activities  ,Real estate services on a fee or contract basis  ,Owner-Occupiers' Housing,"Buying and selling, renting and operating of own or leased real estate, excluding imputed rent",Legal activities  ,"Accounting, bookkeeping and auditing activities; tax consultancy  ",Activities Of Head Offices; Management Consultancy Activities  ,Architectural And Engineering Activities; Technical Testing And Analysis  ,Scientific Research And Development  ,Advertising And Market Research  ,"Other Professional, Scientific And Technical Activities  ",Veterinary Activities  ,Rental And Leasing Activities  ,Employment Activities  ,"Travel Agency, Tour Operator And Other Reservation Service And Related Activities  ",Security And Investigation Activities  ,Services To Buildings And Landscape Activities  ,"Office Administrative, Office Support And Other Business Support Activities  ",Public Administration And Defence; Compulsory Social Security  ,Education  ,Human Health Activities,Residential Care  & Social Work Activities,"Creative, Arts And Entertainment Activities  ","Libraries, Archives, Museums And Other Cultural Activities  ",Gambling And Betting Activities  ,Sports Activities And Amusement And Recreation Activities  ,Activities Of Membership Organisations  ,Repair Of Computers And Personal And Household Goods  ,Other Personal Service Activities  ,Activities Of Households As Employers Of Domestic Personnel  
"Products of agriculture, hunting and related services         ",443,3,0,0,0,1,0,166,15,27,5,98,12,169,20,129,1,21,2,2,0,0,0,0,0,12,5,4,15,0,7,1,0,0,0,0,0,2,0,0,0,0,0,0,0,2,0,0,0,0,0,0,0,0,0,0,9,0,139,0,0,4,0,0,0,0,5,31,0,0,0,1,0,0,0,1,0,0,9,0,0,0,3,3,0,2,1,3,0,0,0,0,1,0,0,1,0,0,0,0,0,0,0,0,0
"Products of forestry, logging and related services         ",1,6,0,0,0,0,0,0,0,0,0,0,0,0,0,0,0,0,0,0,128,0,0,0,0,0,0,0,0,0,0,1,0,0,0,0,0,0,0,0,0,0,0,0,0,5,1,0,0,0,0,0,0,0,0,0,0,0,4,0,0,0,0,0,0,0,0,2,0,0,0,1,0,0,0,0,0,0,1,0,0,0,0,0,0,0,0,0,0,0,0,0,0,0,0,0,0,0,0,0,0,0,0,0,0
Fish and other fishing products; aquaculture products; support services to fishing     ,0,0,259,0,0,0,0,0,0,0,0,0,0,0,0,0,0,0,0,0,0,0,0,0,0,0,0,0,0,0,0,0,0,0,0,0,0,0,0,0,0,0,0,0,0,0,0,0,0,0,0,0,0,0,0,0,0,0,1,0,0,0,2,0,0,0,1,3,0,0,0,0,0,0,0,0,0,0,1,0,0,0,0,1,0,0,0,1,0,0,0,0,0,0,0,0,0,0,0,0,3,0,0,0,0
Coal and lignite             ,0,0,0,0,0,0,0,0,0,0,0,0,0,0,0,0,0,0,0,0,0,0,0,0,0,0,0,0,0,0,0,1,1,2,178,4,0,0,0,0,23,1,0,0,0,0,0,0,0,0,619,107,0,0,0,0,7,0,1,0,0,2,0,0,0,0,0,8,0,0,0,0,0,0,0,0,0,0,1,0,0,0,1,1,0,1,0,0,0,0,0,0,1,0,0,0,0,0,0,0,0,0,0,0,0
Extraction Of Crude Petroleum And Natural Gas  & Mining Of Metal Ores,0,0,0,0,168,1,0,0,0,0,0,0,0,1,0,0,0,1,0,0,0,1,0,"23,148",2,2,11,4,355,99,6,12,0,2,107,248,0,1,0,0,14,1,0,0,0,1,1,0,1,1,"2,073","5,115",0,0,0,0,77,0,25,0,0,20,0,0,0,0,0,31,0,0,0,21,0,0,0,0,0,0,26,3,4,4,102,33,0,6,0,7,0,0,0,0,10,0,0,0,0,0,0,0,0,0,52,0,0
Other mining and quarrying products           ,0,0,0,0,0,496,0,0,0,0,0,0,0,0,0,0,0,3,0,0,0,0,1,0,10,0,4,18,5,1,2,26,382,517,0,21,0,10,1,0,7,2,0,0,0,0,30,0,0,2,0,0,0,0,0,0,86,0,25,0,0,24,0,0,4,0,0,8,0,0,0,3,0,0,0,1,0,0,17,2,2,0,5,7,0,3,0,10,0,0,1,41,5,1,0,0,0,0,0,0,0,0,0,0,0
Mining support services             ,0,0,0,0,38,29,33,0,0,0,0,0,0,0,0,0,0,0,0,0,0,0,0,0,0,0,0,0,0,0,0,0,6,2,0,0,0,0,0,0,0,0,0,0,0,0,0,0,0,0,0,0,0,0,0,0,0,0,1,0,0,4,0,0,0,0,0,1,0,0,0,0,0,0,0,0,0,0,0,0,0,0,2,0,0,0,0,1,0,0,0,0,1,0,0,0,0,0,0,0,0,0,0,0,0
Preserved meat and meat products           ,2,0,0,0,0,0,0,55,3,26,0,0,1,22,21,0,0,2,0,15,0,0,0,0,0,2,0,0,0,0,4,0,1,0,0,0,0,0,0,0,1,1,0,0,0,5,2,0,0,0,0,0,0,0,0,0,0,1,16,3,0,1,0,0,0,0,0,2,0,0,0,0,0,5,0,0,0,0,1,0,0,0,0,1,0,0,1,0,0,0,0,0,0,0,0,0,0,0,0,0,0,0,0,1,0
"Processed and preserved fish, crustaceans, molluscs, fruit and vegetables       ",0,0,0,0,0,0,0,1,12,1,0,2,13,6,70,0,0,0,0,0,0,0,0,0,0,0,1,0,0,0,4,0,0,0,0,0,0,0,0,0,0,0,0,0,0,0,0,0,0,0,0,0,0,0,0,0,0,0,6,0,0,0,0,2,1,0,0,1,0,0,0,0,0,4,0,0,0,0,0,0,0,0,0,0,0,0,0,0,0,0,0,0,0,0,0,0,0,0,0,0,0,0,0,1,0
Vegetable and animal oils and fats          ,0,0,0,0,0,0,0,45,19,322,4,2,40,127,80,0,0,0,0,0,0,0,0,2,1,32,2,0,0,1,1,0,0,0,0,0,0,0,1,0,1,0,0,0,0,0,0,0,0,0,1,0,0,0,0,0,0,1,24,4,0,6,0,0,3,0,1,13,1,0,0,1,0,9,0,0,0,0,2,0,0,0,1,2,0,0,0,0,0,0,0,1,26,0,0,1,0,0,0,0,0,0,0,1,0
Dairy products              ,0,0,0,0,0,0,0,6,1,0,59,1,5,44,1,1,0,0,0,0,0,0,0,0,0,3,0,0,0,0,5,0,0,0,0,0,0,0,0,0,0,0,0,0,0,0,0,0,0,0,0,0,0,0,0,0,0,0,2,4,0,0,0,0,0,0,0,2,0,0,0,1,0,28,0,0,0,0,1,0,0,0,0,1,0,0,0,0,0,0,0,0,0,0,0,0,0,0,0,0,0,0,0,0,0
"Grain mill products, starches and starch products         ",0,0,0,0,0,0,0,12,6,43,5,298,65,94,19,12,0,0,0,0,0,19,0,0,0,6,1,0,2,0,2,0,0,0,0,0,0,0,0,0,0,0,0,0,0,0,0,0,0,0,0,0,0,0,0,0,0,0,12,4,0,0,0,0,0,0,0,8,0,0,0,0,0,0,0,0,0,0,1,0,0,0,0,2,0,0,0,0,0,0,0,0,0,0,1,0,0,0,0,0,0,0,0,1,0
Bakery and farinaceous products            ,0,0,0,0,0,0,0,0,0,0,0,0,0,0,0,0,0,0,0,0,0,0,0,0,0,0,0,0,0,0,0,0,0,0,0,0,0,0,0,0,0,0,0,0,0,0,0,0,0,0,0,0,0,0,0,0,0,0,0,0,0,0,0,0,1,0,0,1,0,0,0,0,0,0,0,0,0,0,0,0,0,0,0,0,0,0,0,0,0,0,0,0,0,0,0,0,0,0,0,0,0,0,0,0,0
Other food products             ,2,0,0,0,0,0,0,53,15,4,36,15,123,432,42,3,4,0,0,0,0,0,0,0,0,29,4,0,1,1,3,0,0,0,0,0,0,0,0,0,2,0,0,0,0,0,1,0,0,0,0,0,0,0,0,0,1,1,25,12,0,1,0,0,20,2,0,9,0,0,0,1,0,58,0,0,0,0,4,0,0,1,0,4,2,0,0,1,0,0,0,0,26,0,0,0,0,0,0,0,0,0,0,9,0
Prepared animal feeds             ,9,0,4,0,0,0,0,1,0,1,0,1,0,0,86,0,0,0,0,0,0,0,0,0,0,0,1,0,0,0,0,0,0,0,0,0,0,0,0,0,0,0,0,0,0,0,0,0,0,0,0,0,0,0,0,0,0,0,7,0,0,0,0,0,0,0,0,1,0,2,0,0,0,0,0,0,0,0,0,0,0,0,0,0,0,0,1,0,0,0,0,0,0,0,0,0,0,0,0,0,0,0,0,1,0
Alcoholic beverages  & Tobacco products,0,0,0,0,0,0,0,0,0,0,0,1,0,1,0,118,0,0,0,0,0,0,0,0,0,0,0,0,0,0,0,0,0,0,0,0,0,0,0,0,0,0,0,0,0,0,0,0,0,0,0,0,0,0,0,0,0,0,10,2,0,0,3,0,1,0,199,"1,343",0,0,0,1,0,11,1,2,0,0,12,0,0,0,0,1,1,0,0,1,0,0,0,0,0,0,0,0,0,6,2,3,6,10,0,1,0
Soft drinks              ,0,0,0,0,0,0,0,0,0,0,0,0,0,0,0,0,0,0,0,0,0,0,0,0,0,0,0,0,0,0,0,0,0,0,0,0,0,0,0,0,0,0,0,0,0,0,0,0,0,0,0,0,0,0,0,0,0,0,0,0,0,0,0,0,0,0,0,1,0,1,0,0,0,0,0,0,0,0,0,0,0,0,0,0,0,0,0,0,0,0,0,0,0,0,0,0,0,0,0,0,0,0,0,0,0
Textiles               ,0,0,1,0,0,0,0,0,0,0,0,0,0,0,0,0,0,610,165,7,2,26,5,0,0,5,2,0,3,0,3,16,0,8,0,0,0,2,1,1,2,53,0,0,0,97,43,0,0,8,0,0,0,0,0,0,9,2,223,0,0,3,0,0,0,0,0,8,0,0,0,3,0,13,0,0,0,0,8,0,0,0,1,9,0,11,0,1,0,0,0,0,1,0,0,10,0,0,0,0,2,0,1,36,0
Wearing apparel              ,0,0,0,0,0,0,0,0,0,0,0,0,0,0,0,0,0,0,9,0,0,0,0,0,0,0,0,0,0,0,0,0,0,0,0,0,0,0,0,0,0,0,0,0,0,0,0,0,0,0,0,0,0,0,1,0,0,2,238,129,0,0,0,0,0,0,0,18,0,0,0,1,0,3,0,1,0,0,1,0,0,0,0,0,1,0,0,0,0,0,0,0,0,0,0,0,0,0,1,1,12,0,0,21,0
Leather and related products            ,0,0,0,0,0,0,0,0,0,0,0,0,0,0,0,0,0,0,1,88,0,0,0,0,0,0,0,0,0,0,0,0,0,0,0,0,0,0,0,0,0,50,0,1,0,4,0,0,0,0,0,0,0,0,0,0,0,7,380,35,0,0,0,0,0,0,0,3,0,0,0,1,0,7,0,0,0,0,0,0,0,0,0,3,0,0,0,0,0,0,0,0,0,0,0,0,0,0,0,0,1,0,0,0,0
"Wood and of products of wood and cork, except furniture; articles of straw and plaiting materials",0,0,0,0,0,0,0,0,0,0,2,0,0,1,0,0,0,2,0,0,"1,910",32,7,0,1,0,1,0,0,0,2,12,59,3,1,0,0,54,1,2,4,62,7,1,1,512,41,0,0,8,0,0,0,0,1,0,961,0,134,6,0,5,0,0,0,0,1,51,0,0,0,11,0,5,0,0,0,0,36,0,1,1,1,12,0,3,0,5,0,0,4,294,5,0,0,0,0,1,0,0,0,0,0,37,0
Paper and paper products            ,8,0,0,0,0,3,0,13,19,5,8,1,8,36,8,23,0,29,7,3,25,"1,830","1,222",2,5,40,12,1,5,2,29,87,34,10,0,5,0,20,12,11,38,10,0,2,0,4,167,0,0,9,0,0,0,0,1,0,7,3,518,96,0,4,0,2,98,17,0,50,46,0,2,62,1,182,0,4,25,0,24,3,1,61,5,16,74,11,1,16,0,0,0,5,99,0,0,3,0,18,1,0,0,0,1,33,0
Printing and recording services            ,0,0,0,0,0,0,0,0,0,0,0,0,0,0,0,0,0,0,0,0,0,1,7,0,0,0,0,0,0,0,0,0,0,0,0,0,0,0,0,0,0,0,0,0,0,0,1,0,0,0,0,0,0,0,0,0,0,0,0,0,0,0,0,0,0,0,0,0,0,0,0,0,0,0,0,0,0,0,0,0,0,0,0,0,0,0,0,0,0,0,0,0,0,0,0,0,0,0,0,0,0,0,0,0,0
Coke and refined petroleum products           ,1,0,0,0,31,8,7,0,0,0,0,0,0,0,0,0,0,3,0,0,0,0,0,"1,389",1,1,8,5,10,4,4,32,6,14,9,2,0,3,1,1,7,22,0,0,0,0,34,0,0,2,0,0,0,0,0,0,0,13,217,681,0,"2,712",0,"4,096",1,0,0,148,0,0,0,33,0,174,0,154,0,0,69,1,0,7,2,13,5,3,0,8,0,0,0,0,46,521,0,0,0,0,4,1,2,0,0,5,0
"Paints, varnishes and similar coatings, printing ink and mastics       ",0,0,0,0,0,0,0,0,0,0,0,0,0,0,0,0,0,2,0,0,2,132,217,0,78,0,5,0,4,0,0,28,6,2,4,0,0,153,2,4,39,115,0,0,0,5,21,0,0,13,0,0,0,0,0,0,178,0,44,0,0,2,0,0,0,0,0,6,7,0,0,7,0,3,0,0,0,0,3,0,0,0,1,12,14,1,0,1,0,0,0,0,1,0,0,0,0,0,0,0,0,0,0,0,0
"Soap and detergents, cleaning and polishing preparations, perfumes and toilet preparations     ",0,0,0,0,0,0,0,1,0,0,0,0,3,1,0,0,0,0,0,0,0,0,0,0,0,39,0,0,0,1,2,0,0,0,0,0,0,0,0,0,0,0,0,0,0,0,1,0,0,0,0,0,0,0,1,0,0,0,44,4,0,0,0,0,0,0,0,3,0,0,0,0,0,5,0,0,0,0,0,0,0,0,0,0,0,0,0,0,0,0,0,2,0,3,0,0,0,0,0,0,0,0,0,23,0
Other chemical products             ,0,0,0,1,0,25,28,21,5,5,7,7,6,103,3,0,0,10,0,17,41,206,37,163,82,403,994,8,125,15,399,259,81,10,3,7,43,119,86,10,123,2,0,3,3,5,24,1,0,54,0,0,0,1,0,1,73,0,246,1,0,15,0,0,3,0,0,29,8,1,0,18,0,4,0,4,0,0,12,3,2,8,108,125,3,12,0,4,0,0,0,17,15,1,27,318,3,0,0,0,0,0,0,0,0
"Industrial gases, inorganics and fertilisers (all inorganic chemicals) - 20.11/13/15      ",24,0,0,0,0,3,0,0,1,0,0,1,0,3,0,5,3,3,0,0,0,3,0,1,17,14,117,843,829,77,41,57,9,37,12,1,0,44,19,7,80,5,0,2,0,1,4,0,0,6,0,0,2,0,1,0,2,0,50,0,0,13,0,0,0,0,0,14,0,0,0,3,0,4,0,0,0,0,5,1,1,1,4,24,0,6,0,2,0,0,0,0,9,1,0,4,0,0,0,0,0,3,0,0,0
Petrochemicals - 20.14/16/17/60             ,0,0,0,0,0,34,1,0,1,1,0,1,0,6,0,2,41,128,7,6,8,28,7,130,232,50,252,34,"2,088",36,185,"1,864",67,52,10,8,3,53,60,87,17,401,16,78,2,74,87,4,0,18,0,0,18,7,2,0,21,1,249,1,0,21,0,0,0,0,0,46,1,0,0,40,0,0,0,1,0,0,48,3,3,22,346,212,0,23,0,8,0,0,0,1,17,12,2,0,0,0,0,0,0,0,2,0,0
"Dyestuffs, agro-chemicals - 20.12/20            ",1,0,0,0,0,0,0,0,1,0,0,0,0,0,0,0,0,36,3,0,0,7,0,0,140,7,6,13,52,228,1,33,10,1,1,0,0,1,0,5,1,0,0,0,0,0,4,0,0,0,0,0,1,0,0,0,2,0,18,0,0,2,0,0,0,0,0,3,0,0,0,2,0,4,0,0,0,0,1,0,0,0,1,14,0,1,0,0,0,0,0,0,1,1,0,1,0,0,0,0,0,0,0,0,0
Basic pharmaceutical products and pharmaceutical preparations          ,2,0,0,0,0,0,0,0,0,1,0,1,0,13,46,0,0,3,1,0,0,0,1,1,0,46,21,0,5,11,"2,636",1,0,0,0,0,0,0,11,0,4,0,0,0,0,0,111,0,0,7,12,2,0,0,0,0,4,1,89,2,0,2,0,0,0,0,0,32,0,0,0,27,1,0,0,0,0,0,12,4,4,4,5,171,0,17,15,3,0,0,0,0,23,0,4,"3,306",0,0,0,0,0,0,0,0,0
Rubber and plastic products            ,26,0,3,1,0,9,0,68,16,12,52,6,54,148,19,14,15,122,11,4,36,380,208,9,38,196,55,24,59,8,142,"3,134",22,51,3,9,1,173,53,93,184,"1,039",4,77,8,71,282,7,1,75,0,0,3,0,8,1,91,298,722,131,0,45,0,0,19,2,0,70,4,0,2,56,0,126,0,16,0,0,70,2,2,5,9,110,11,8,1,10,1,0,1,53,346,4,1,1,4,5,1,0,2,0,3,53,0
"Cement, lime, plaster and articles of concrete, cement and plaster ",0,0,0,0,0,47,0,0,0,0,0,0,0,0,0,0,0,0,0,0,0,0,0,0,3,0,7,1,1,0,0,1,472,45,0,1,0,9,0,0,1,0,0,0,0,1,0,0,0,2,0,0,0,0,0,0,155,0,88,0,0,7,0,0,0,0,0,6,0,0,0,1,0,0,0,0,0,0,2,0,1,0,1,1,0,1,0,1,0,0,0,0,2,5,0,0,0,0,0,0,0,0,0,0,0
"Glass, refractory, clay, other porcelain and ceramic, stone and abrasive products - 23.1-4/7-9   ",0,0,0,0,0,33,0,1,0,0,0,0,1,9,0,38,6,4,0,0,15,1,1,0,2,35,1,1,22,1,28,157,32,436,19,7,0,77,25,29,9,649,12,1,1,2,5,0,0,9,0,0,0,0,1,0,552,25,228,100,0,6,0,0,3,0,3,26,0,0,0,5,0,0,0,1,0,0,26,1,1,0,4,45,0,3,0,2,0,0,0,3,2,0,2,0,0,3,2,0,0,0,0,71,0
Basic iron and steel            ,0,0,0,3,55,0,11,1,0,0,0,0,0,0,0,0,0,2,0,0,2,1,6,1,3,0,2,0,2,0,5,36,19,5,"1,207",122,0,"1,754",34,36,"1,131","1,185",13,52,6,16,64,0,1,234,0,0,0,0,2,0,171,0,195,0,0,20,0,0,0,0,0,69,0,0,0,25,0,0,0,3,0,0,46,2,1,4,105,118,0,6,0,8,0,0,0,0,7,0,0,0,0,0,0,0,0,0,0,0,0
Other basic metals and casting           ,0,0,0,0,0,0,0,0,0,0,0,0,0,2,0,0,0,4,2,1,2,8,6,0,2,1,20,1,7,0,32,90,1,9,329,"1,810",2,"1,008",54,264,170,"1,487",7,542,15,19,297,0,10,98,2,0,1,0,0,0,71,0,126,0,0,34,0,0,0,0,0,45,1,0,0,13,0,1,0,1,0,0,31,2,2,0,16,153,0,5,0,8,0,0,0,0,8,0,0,0,0,0,0,0,0,0,1,0,0
Weapons and ammunition             ,0,0,0,0,0,0,0,0,0,0,0,0,0,0,0,0,0,0,0,0,0,0,0,0,0,0,2,0,0,0,0,0,0,0,0,0,266,3,0,0,29,0,1,3,0,0,1,2,0,112,0,0,0,0,0,0,0,0,2,0,0,0,0,0,0,0,0,10,0,0,0,1,0,0,0,0,0,0,1,0,0,0,0,36,0,0,0,1,0,0,0,0,0,56,0,0,0,0,0,0,0,0,0,0,0
"Fabricated metal products, excl. machinery and equipment and weapons & ammunition - 25.1-3/25.5-9   ",6,0,3,0,23,3,51,3,2,0,0,0,1,6,3,28,3,26,3,3,55,31,15,2,6,16,9,2,14,1,28,265,32,54,86,93,3,"1,930",93,186,717,"1,257",47,453,22,176,185,2,8,263,20,4,1,0,2,0,"1,313",79,437,177,0,25,0,0,2,0,1,72,1,0,0,29,0,19,0,2,0,0,72,3,2,7,154,147,1,12,0,9,0,0,1,18,160,7,2,1,0,0,1,0,4,0,2,22,0
"Computer, electronic and optical products           ",23,2,2,0,97,1,5,3,2,0,0,2,6,4,5,4,7,9,6,1,3,7,43,2,10,3,21,1,5,2,100,19,3,13,4,3,34,68,950,254,321,899,8,125,8,8,41,0,1,287,0,28,28,6,53,2,776,60,478,215,10,49,4,0,157,31,18,150,181,"1,197",546,361,191,71,27,35,51,12,93,19,10,46,409,333,282,181,23,106,80,51,48,62,37,"4,359",890,"5,232",300,0,37,8,33,1,75,129,0
Electrical equipment              ,0,0,0,0,0,0,0,0,0,0,0,0,0,0,0,0,0,4,1,1,1,0,3,0,3,0,3,0,2,0,7,20,1,11,2,8,5,80,362,"1,314",324,210,7,427,9,2,102,2,7,308,268,52,0,0,5,0,293,73,154,216,0,16,0,0,3,2,0,81,2,0,48,52,4,24,0,1,0,0,39,2,2,72,149,119,6,8,0,41,1,0,11,0,8,18,7,1,1,0,1,0,3,0,4,4,0
Machinery and equipment n.e.c.            ,10,1,0,2,65,7,160,29,7,2,1,2,11,45,3,5,20,19,4,1,31,57,23,35,11,5,16,14,26,6,35,132,33,34,73,48,2,416,124,146,"1,822","1,840",76,232,18,21,181,2,8,488,83,25,20,0,34,0,335,158,910,69,0,44,3,0,50,7,0,83,1,0,1,50,0,0,0,13,0,0,33,3,2,9,191,204,37,11,0,133,0,0,1,12,13,41,0,0,0,0,0,0,5,0,5,18,0
"Motor vehicles, trailers and semi-trailers           ",0,1,0,0,0,1,0,1,0,0,0,0,0,0,0,0,0,1,0,0,1,0,1,0,1,0,0,0,0,0,0,26,1,30,1,0,0,93,29,33,295,"8,750",2,4,5,3,4,0,0,98,0,0,0,1,1,0,35,"2,256",78,15,0,56,0,0,25,5,0,84,1,0,0,63,0,13,0,2,0,0,41,4,4,23,36,486,11,9,0,28,5,0,2,2,22,207,0,0,0,0,0,1,36,0,0,8,0
Ships and boats             ,0,0,0,0,0,0,0,0,0,0,0,0,0,0,0,0,0,0,0,0,0,0,0,0,0,0,0,0,0,0,0,0,0,0,0,0,0,0,0,0,0,0,1,0,0,0,0,0,0,0,0,0,0,0,0,0,0,0,0,0,0,0,0,0,0,0,0,0,0,0,0,0,0,0,0,0,0,0,0,0,0,0,0,0,0,0,0,0,0,0,0,0,0,0,0,0,0,0,0,0,0,0,0,0,0
Air and spacecraft and related machinery          ,0,0,0,0,0,0,0,0,0,0,0,0,0,0,0,0,0,0,0,0,0,0,0,0,0,0,4,0,0,0,0,5,0,1,1,10,4,13,5,3,21,19,0,"1,581",2,2,1,0,47,2,0,0,0,0,0,0,3,0,9,1,0,7,0,545,0,0,0,12,0,0,0,8,0,1,0,1,0,0,9,1,1,0,13,109,0,3,0,2,0,0,0,0,4,"1,012",0,0,0,1,1,0,0,0,0,0,0
Other transport equipment - 30.2/4/9           ,0,0,0,0,0,0,0,0,0,0,0,0,0,0,0,0,0,0,1,0,0,0,0,0,0,0,0,0,0,0,0,1,0,0,0,0,0,4,3,0,4,0,0,0,169,0,0,0,1,334,0,0,0,0,0,0,1,0,43,0,16,3,0,0,0,0,0,0,0,0,0,0,0,1,0,0,0,0,15,0,0,0,0,8,0,1,0,0,0,0,0,0,1,0,0,2,0,0,0,0,0,0,0,0,0
Furniture               ,0,0,0,0,0,0,0,0,0,0,0,0,0,0,0,0,0,0,0,0,1,0,1,0,0,0,0,0,0,0,0,2,0,0,0,0,0,2,0,0,1,4,0,0,0,96,0,0,0,0,0,0,0,0,0,0,1,0,3,0,0,0,0,0,0,0,0,2,0,0,0,1,0,12,0,0,0,0,1,0,0,0,0,1,0,0,0,0,0,0,0,0,0,0,0,0,0,0,0,0,0,0,0,0,0
Other manufactured goods             ,1,0,0,0,1,2,0,0,1,0,0,0,0,0,0,0,0,7,6,2,1,2,5,0,0,2,3,0,2,0,36,8,1,1,0,1,0,7,12,6,13,5,0,0,0,2,132,0,0,9,0,0,0,0,1,0,4,0,22,4,0,2,0,0,0,0,0,6,2,0,0,20,0,84,0,1,1,0,5,0,0,19,1,12,18,7,0,3,0,0,0,2,67,0,1,844,0,1,0,0,0,0,1,12,0
Repair and maintenance of ships and boats         ,0,0,1,0,1,0,1,0,0,0,0,0,0,0,0,0,0,0,0,0,0,0,0,0,0,0,0,0,0,0,0,0,0,0,0,0,0,0,0,0,0,0,1,0,0,0,0,1,0,1,0,0,0,0,0,0,0,0,0,1,0,0,102,0,0,0,0,1,0,0,0,0,0,0,0,1,0,0,0,0,0,0,0,0,0,0,0,0,0,0,0,0,0,0,0,0,0,0,0,0,0,0,0,0,0
Repair and maintenance of aircraft and spacecraft         ,0,0,0,0,0,0,0,0,0,0,0,0,0,0,0,0,0,0,0,0,0,0,0,0,0,0,0,0,0,0,0,0,0,0,0,0,0,0,0,0,4,0,0,9,0,0,0,0,252,0,0,0,0,0,0,0,0,0,5,2,0,0,0,859,0,0,0,6,0,0,0,4,0,0,0,0,0,0,7,0,0,0,2,3,0,0,0,1,0,0,0,0,0,0,0,0,0,0,0,0,0,0,0,0,0
Rest of repair; Installation - 33.11-14/17/19/20          ,0,0,0,0,0,0,0,0,0,0,0,0,0,0,0,0,0,0,0,0,0,0,0,0,0,0,0,0,0,0,0,0,0,0,0,0,0,0,0,0,0,0,0,0,0,0,0,0,1,226,0,0,0,0,0,0,1,0,25,0,0,2,0,0,0,0,0,0,0,0,0,0,0,0,0,0,0,0,4,0,0,0,0,3,0,0,0,0,0,0,0,0,1,0,0,0,0,0,0,0,0,0,0,0,0
"Electricity, transmission and distribution",0,0,0,0,0,0,0,0,0,0,0,0,0,0,0,0,0,0,0,0,0,0,0,0,0,0,0,0,0,0,0,0,0,0,0,0,0,0,0,0,0,0,0,0,0,0,0,0,0,0,"1,032",180,0,0,0,0,11,0,0,1,0,4,0,0,0,0,0,4,0,0,0,1,0,0,0,0,0,0,1,1,1,0,2,0,0,2,0,0,0,0,0,0,2,0,0,0,0,0,0,0,0,0,0,0,0
Gas; distribution of gaseous fuels through mains; steam and air conditioning supply    ,0,0,0,0,0,0,0,0,0,0,0,0,0,0,0,0,0,0,0,0,0,0,0,0,0,0,0,0,0,0,0,0,0,0,0,0,0,0,0,0,0,0,0,0,0,0,0,0,0,0,1,1,0,0,0,0,0,0,0,0,0,0,0,0,0,0,0,0,0,0,0,0,0,0,0,0,0,0,0,0,0,0,0,0,0,0,0,0,0,0,0,0,0,0,0,0,0,0,0,0,0,0,0,0,0
Natural water; water treatment and supply services         ,0,0,0,0,0,0,0,0,0,0,0,0,0,0,0,0,0,0,0,0,0,0,0,0,0,0,0,0,0,0,0,0,0,0,0,0,0,0,0,0,0,0,0,0,0,0,0,0,0,0,0,0,1,1,0,0,0,0,0,0,0,0,0,0,0,0,0,0,0,0,0,0,0,0,0,0,0,0,0,0,0,0,0,0,0,0,0,0,0,0,0,0,0,0,0,0,0,0,0,0,0,0,0,0,0
Sewerage services; sewage sludge            ,0,0,0,0,0,0,0,0,0,0,0,0,0,0,0,0,0,0,0,0,0,0,0,0,0,0,0,0,0,0,0,0,0,0,0,0,0,0,0,0,0,0,0,0,0,0,0,0,0,0,0,0,0,2,1,0,0,0,0,0,0,0,0,0,0,0,0,0,0,0,0,0,0,0,0,0,0,0,0,0,0,0,0,0,0,0,0,0,0,0,0,0,0,0,0,0,0,0,0,0,0,0,0,0,0
"Waste collection, treatment and disposal services; materials recovery services       ",1,0,0,0,0,4,0,0,0,1,0,0,0,0,1,0,0,3,2,0,3,7,0,0,0,0,1,0,10,9,0,23,22,8,64,39,0,3,0,0,5,2,0,1,0,0,4,0,0,1,444,77,0,0,"2,005",0,37,1,124,2,0,47,0,0,2,0,0,17,0,0,0,10,1,50,0,8,0,0,40,3,4,22,9,3,2,5,0,4,0,0,0,0,24,0,0,0,0,0,0,0,0,0,0,3,0
Remediation services and other waste management services         ,0,0,0,0,0,0,0,0,0,0,0,0,0,0,0,0,0,0,0,0,0,0,0,0,0,0,0,0,0,0,0,0,0,0,0,0,0,0,0,0,0,0,0,0,0,0,0,0,0,0,0,0,0,0,0,2,0,0,0,0,0,0,0,0,0,0,0,0,0,0,0,0,0,0,0,0,0,0,0,0,0,0,0,0,0,0,0,0,0,0,0,0,0,0,0,0,0,0,0,0,0,0,0,0,0
Construction,3,0,0,0,0,0,0,0,0,0,0,0,0,0,0,0,0,0,0,0,4,0,0,1,0,0,0,0,0,0,0,1,0,0,3,0,0,136,0,0,5,1,0,0,0,1,0,0,0,7,0,0,0,0,0,0,"1,427",0,5,1,0,0,0,0,0,0,1,15,0,0,0,7,2,0,363,0,0,0,38,0,0,2,55,3,0,6,0,1,0,0,0,1,1,0,0,0,0,0,0,0,1,0,0,19,0
Wholesale and retail trade and repair services of motor vehicles and motorcycles    ,0,0,0,0,0,0,0,0,0,0,0,0,0,0,0,0,0,0,0,0,0,0,0,0,0,0,0,0,0,0,0,0,0,0,0,0,0,0,0,1,0,0,0,0,0,0,0,0,0,0,0,0,0,0,0,0,0,9,0,0,0,0,0,0,0,0,0,0,0,0,0,0,0,0,0,0,0,0,0,0,0,0,0,0,0,0,0,0,0,0,0,0,0,0,0,0,0,0,0,0,0,0,0,0,0
"Wholesale trade services, except of motor vehicles and motorcycles       ",0,0,0,0,0,0,0,0,0,0,0,0,0,0,0,0,0,0,0,0,0,0,0,0,0,0,0,0,0,0,0,0,0,0,0,0,0,0,0,0,0,0,0,0,0,0,0,0,0,0,0,0,0,0,0,0,0,0,142,0,0,0,0,0,0,0,0,0,0,0,0,0,0,0,0,0,0,0,0,0,0,0,0,0,0,0,0,0,0,0,0,0,0,0,0,0,0,0,0,0,0,0,0,0,0
"Retail trade services, except of motor vehicles and motorcycles       ",0,0,0,0,0,0,0,0,0,0,0,0,0,0,0,0,0,0,0,0,0,0,0,0,0,0,0,0,0,0,0,0,0,0,0,0,0,0,0,0,0,0,0,0,0,0,0,0,0,0,0,0,0,0,0,0,0,0,0,0,0,0,0,0,0,0,0,0,0,0,0,0,0,0,0,0,0,0,0,0,0,0,0,0,0,0,0,0,0,0,0,0,0,0,0,0,0,0,0,0,0,0,0,0,0
Rail transport services             ,0,0,0,0,0,0,0,0,0,0,0,0,0,0,0,0,0,0,0,0,0,0,0,0,0,0,0,0,0,0,0,0,0,0,0,0,0,0,0,0,0,0,0,0,0,0,0,0,0,0,0,0,0,0,0,0,0,0,0,0,0,0,0,0,0,0,0,0,0,0,0,0,0,0,0,0,0,0,0,0,0,0,0,0,0,0,0,0,0,0,0,0,0,0,0,0,0,0,0,0,0,0,0,0,0
"Land transport services and transport services via pipelines, excluding rail transport     ",16,0,0,2,28,9,2,9,6,4,4,2,1,7,1,6,1,15,21,6,7,23,2,7,3,7,10,3,27,2,13,17,2,6,7,18,1,14,66,21,43,48,0,15,2,4,16,0,4,35,2,0,0,0,2,0,1,0,15,0,0,3,9,101,0,0,0,6,3,0,0,2,0,0,0,0,0,0,4,0,0,0,2,12,0,1,0,1,0,0,0,2,1,0,0,0,0,0,0,0,0,0,2,0,0
Water transport services             ,0,0,3,0,44,21,0,1,0,1,1,5,0,1,0,8,0,0,0,0,0,1,1,23,0,3,0,0,3,0,3,7,5,12,20,1,2,19,18,6,3,48,0,2,2,2,2,0,0,12,0,0,0,0,0,0,5,0,10,8,0,2,"1,589",0,1,1,0,19,0,0,0,3,0,1,0,1,0,0,5,0,0,0,1,5,0,0,0,2,0,1,0,0,0,1,0,1,0,0,0,0,0,0,0,0,0
Air transport services             ,0,0,0,0,19,3,0,0,0,0,0,0,0,1,0,4,0,7,0,0,0,2,0,3,0,0,0,0,0,0,7,2,1,0,9,0,1,3,17,6,1,3,0,19,2,6,5,0,0,7,0,0,0,0,4,0,0,1,3,1,0,1,0,581,1,0,0,6,0,0,0,3,0,0,0,0,0,0,5,0,0,1,1,4,1,0,0,1,0,0,0,0,0,0,0,0,0,0,0,0,0,0,0,0,0
Warehousing and support services for transportation          ,0,0,0,0,0,0,0,0,0,0,0,0,0,0,0,0,0,0,0,0,0,0,0,0,0,0,0,0,0,0,0,0,0,0,0,0,0,0,0,0,0,1,0,0,0,0,0,0,0,0,0,0,0,0,0,0,2,0,4,6,0,0,"1,056",285,0,0,0,13,0,0,0,3,0,1,0,0,0,0,5,0,0,0,0,0,0,0,0,1,0,0,0,0,0,0,0,0,0,0,0,0,0,0,0,0,0
Postal and courier services            ,0,0,0,0,0,0,0,0,0,0,0,0,0,0,0,0,0,0,0,0,0,0,0,0,0,0,2,13,4,30,0,0,0,0,0,0,0,0,1,0,1,0,0,0,0,0,0,0,0,0,0,0,0,0,0,0,1,1,35,2,0,0,2,5,0,526,0,7,1,0,97,20,4,0,597,0,0,0,63,0,0,2,0,3,0,0,0,2,1,0,0,0,2,0,0,0,0,0,0,0,0,0,0,1,0
Accommodation services              ,0,0,0,0,0,0,0,0,0,0,0,0,0,0,0,0,0,0,0,0,0,0,0,0,0,0,0,0,0,0,0,0,0,0,0,0,0,0,0,0,0,0,0,0,0,0,0,0,0,0,0,0,0,0,0,0,0,0,0,1,0,0,0,410,0,0,0,2,0,0,0,4,1,0,210,0,0,0,24,0,0,0,0,0,0,0,0,1,0,0,0,0,0,0,0,0,0,0,0,0,0,0,0,0,0
Food and beverage serving services           ,0,0,0,0,0,0,0,0,0,0,0,0,0,0,0,0,0,0,0,0,0,0,0,0,0,0,0,0,0,0,0,0,0,0,0,0,0,0,0,0,0,0,0,0,0,0,0,0,0,0,0,0,0,0,0,0,0,0,0,1,0,0,46,279,0,0,0,3,0,0,0,1,0,0,0,0,0,0,2,0,0,0,0,0,0,0,0,0,0,0,0,0,0,0,0,0,0,0,0,0,0,0,0,0,0
Publishing services              ,0,0,0,0,0,0,0,0,0,0,0,0,0,1,0,0,0,0,0,1,0,4,8,0,3,1,0,0,0,0,0,0,0,0,0,0,0,0,5,4,0,0,0,0,0,0,6,0,0,4,0,0,0,0,0,0,0,0,8,14,0,0,0,0,1,0,0,9,320,0,0,52,0,6,0,0,0,0,2,0,0,3,0,4,45,0,0,1,0,0,0,0,0,0,0,0,0,0,0,0,0,0,1,0,0
"Motion Picture, Video & TV Programme Production, Sound Recording & Music Publishing Activities & Programming And Broadcasting Activities",0,0,0,0,0,0,0,0,0,0,0,0,0,0,0,0,0,0,0,0,0,0,0,0,0,0,0,0,0,0,0,0,0,0,0,0,0,0,0,0,0,0,0,0,0,0,0,0,0,0,0,0,0,0,1,0,2,0,7,49,0,0,0,1,0,0,0,20,21,"2,579",0,40,0,0,0,0,0,0,14,0,0,3,0,6,641,0,0,0,0,0,0,0,1,1,3,0,1,28,38,68,53,0,0,0,0
Telecommunications services              ,0,0,0,0,0,0,0,0,0,0,0,0,0,0,0,0,0,0,0,0,0,0,0,0,0,0,0,0,0,0,0,0,0,0,0,0,0,2,0,0,0,0,0,0,0,0,0,0,0,0,0,0,0,0,0,0,4,0,165,82,0,0,7,31,0,14,0,23,3,0,"3,830",134,2,1,307,1,0,0,37,0,0,0,0,59,1,2,0,6,15,0,2,3,23,0,0,0,0,0,0,0,0,0,0,0,0
"Computer programming, consultancy and related services          ",3,0,0,0,1,0,0,5,1,0,1,1,6,43,0,0,0,10,1,6,0,1,12,0,0,3,2,11,4,6,1,53,0,1,2,0,1,82,253,4,8,34,0,0,14,1,18,0,0,76,0,0,0,0,0,0,26,9,801,3,0,0,0,0,0,0,0,36,199,1,111,"2,086",143,0,481,0,0,0,83,0,20,137,52,88,21,58,0,9,126,0,20,25,120,5,3,0,0,0,0,0,9,0,35,112,0
Information services              ,0,0,0,0,0,0,0,1,0,0,0,0,2,8,0,0,0,4,0,0,0,0,6,0,0,1,0,0,0,0,1,0,0,0,0,0,0,0,75,2,2,17,0,0,0,0,3,0,0,17,0,0,0,0,0,0,9,6,619,3,0,0,0,1,0,0,0,15,89,0,66,793,105,0,0,0,0,0,10,0,9,96,26,37,67,32,0,4,12,0,9,0,81,0,2,0,0,0,0,0,4,0,18,84,0
"Financial services, except insurance and pension funding         ",2,0,0,0,1,0,0,0,0,0,0,0,0,0,0,0,0,0,0,0,0,0,0,0,0,0,1,11,4,16,1,32,0,0,1,0,0,61,1,2,6,508,0,0,0,0,1,0,0,6,317,55,0,0,0,0,359,6,488,517,0,3,0,0,0,0,30,151,2,0,0,99,17,"4,347",307,20,0,0,"1,711",11,87,299,28,75,25,107,0,48,243,0,40,48,276,"1,322",355,0,0,0,3,2,52,0,0,0,0
"Insurance, reinsurance and pension funding services, except compulsory social security",6,0,0,0,0,0,0,3,1,0,0,0,3,28,0,0,0,0,0,0,24,0,1,0,0,2,1,5,2,17,1,38,0,0,2,0,0,118,22,3,7,40,0,0,9,2,11,0,0,52,0,0,0,0,0,0,4,0,59,0,0,1,0,0,0,0,0,3,0,0,0,19,8,0,"1,575",0,0,0,162,0,0,20,35,8,2,12,0,4,20,0,3,5,20,1,0,0,0,0,0,0,4,0,3,53,0
Services auxiliary to financial services and insurance services        ,0,0,0,0,0,1,1,1,0,0,1,1,1,1,0,4,0,0,1,0,0,1,1,9,1,3,5,2,9,0,1,3,8,3,4,1,1,4,12,4,4,12,1,4,2,0,2,0,0,4,0,2,1,2,18,0,88,11,138,67,4,13,74,40,10,10,2,27,14,2,28,181,11,899,"1,651","1,563",3,0,217,47,10,48,130,24,13,31,0,50,66,1,4,22,86,3,9,1,0,2,0,3,2,0,3,8,0
Real estate services on a fee or contract basis       ,0,0,0,0,0,0,0,0,0,0,0,0,0,0,0,0,0,0,0,0,0,0,0,0,0,0,0,0,0,0,0,0,0,0,0,0,0,0,0,0,0,0,0,0,0,0,0,0,0,0,0,0,0,0,0,0,2,0,0,0,0,0,0,0,0,0,0,0,0,0,1,1,0,0,0,0,1,5,1,0,0,1,15,1,0,0,0,0,0,0,0,0,0,0,0,0,0,0,0,0,0,0,0,0,0
Owner-Occupiers' Housing Services,0,0,0,0,0,0,0,0,0,0,0,0,0,0,0,0,0,0,0,0,0,0,0,0,0,0,0,0,0,0,0,0,0,0,0,0,0,0,0,0,0,0,0,0,0,0,0,0,0,0,0,0,0,0,0,0,0,0,0,0,0,0,0,0,0,0,0,0,0,0,0,0,0,0,0,0,0,0,0,0,0,0,0,0,0,0,0,0,0,0,0,0,0,0,0,0,0,0,0,0,0,0,0,0,0
"Real estate services, excluding on a fee or contract basis and imputed rent   ",0,0,0,0,0,0,0,0,0,0,0,0,0,0,0,0,0,0,0,0,0,0,0,0,0,0,0,0,0,0,0,0,0,0,0,0,0,2,0,0,0,0,0,0,0,0,0,0,0,1,0,0,0,0,0,0,0,0,6,0,0,0,0,0,0,0,0,0,0,0,0,3,1,0,171,0,0,1,18,0,0,0,1,2,0,0,0,0,0,0,0,0,0,0,0,0,0,0,0,0,0,0,0,1,0
Legal services              ,0,0,0,0,0,0,0,0,0,0,0,0,0,2,0,0,0,34,5,0,0,1,0,0,0,0,0,3,1,5,0,3,3,0,0,0,0,23,10,8,1,3,0,1,0,7,3,0,0,4,0,0,0,0,0,0,5,0,15,1,0,0,0,1,0,0,0,1,0,0,0,10,4,0,652,0,0,1,70,366,0,8,1,3,1,3,0,2,4,0,1,1,7,0,0,0,0,0,0,0,3,0,0,37,0
"Accounting, bookkeeping and auditing services; tax consulting services        ",4,0,0,0,0,0,0,0,0,0,0,0,0,0,0,0,0,0,0,0,0,1,6,0,0,0,1,4,1,17,0,16,12,1,3,0,0,136,2,0,6,32,0,0,0,1,1,0,0,13,0,0,0,0,0,0,20,1,137,1,0,1,0,0,0,0,0,2,10,0,0,37,4,0,266,3,0,0,32,0,666,189,13,5,1,4,0,3,7,0,1,2,11,0,0,14,1,0,0,0,1,0,1,31,0
Services of head offices; management consulting services         ,20,0,0,0,18,1,34,12,4,0,0,3,8,6,2,11,24,8,6,3,0,35,7,0,8,8,2,3,13,5,44,41,1,1,4,2,5,12,66,4,30,108,0,31,9,3,27,0,1,25,188,302,2,2,29,0,50,59,827,697,129,44,5,49,120,32,41,168,96,104,430,730,84,"4,351",329,86,0,0,616,64,25,"2,190",150,361,332,138,0,200,117,61,3,7,218,541,477,27,24,16,25,207,119,7,7,24,0
Architectural and engineering services; technical testing and analysis services       ,6,0,1,1,1,5,2,8,2,0,1,1,6,77,0,1,0,20,3,0,3,7,1,1,3,7,17,18,25,21,10,22,45,3,6,0,0,287,38,75,131,54,1,7,42,6,11,0,0,128,1,0,1,0,0,0,"1,806",57,374,9,0,4,0,1,0,0,2,39,1,2,3,59,8,2,475,28,0,3,63,1,0,96,584,52,7,71,0,12,5,0,2,5,100,1,1,0,1,0,0,0,9,0,0,3,0
Scientific research and development services           ,0,0,0,0,0,0,0,0,0,0,0,0,0,0,0,0,0,0,0,0,0,0,0,0,0,0,0,0,0,0,0,0,0,0,0,0,0,0,0,0,0,0,0,0,0,0,0,0,0,0,0,0,0,0,0,0,0,4,40,4,0,0,0,0,0,0,0,0,1,0,0,21,0,0,0,0,0,0,11,1,0,29,27,434,0,41,0,0,0,0,0,0,0,0,0,0,0,0,0,0,0,0,0,0,0
Advertising and market research services           ,2,0,0,0,0,0,0,23,5,1,3,3,33,212,0,0,0,0,0,0,0,1,13,0,0,14,3,9,3,6,0,9,0,0,1,0,0,38,31,27,4,12,0,3,7,34,5,0,0,26,0,0,0,0,0,0,0,32,224,4,0,1,55,158,0,0,0,20,20,1,0,53,12,0,305,0,0,0,62,0,0,81,4,22,"2,347",7,0,11,41,0,7,11,40,2,2,3,0,0,0,0,1,0,4,25,0
"Other professional, scientific and technical services          ",0,0,0,0,0,0,0,4,1,0,0,1,3,36,0,0,0,0,0,0,0,1,0,0,0,2,1,1,7,2,0,1,0,0,0,0,0,2,7,1,2,1,0,0,0,1,1,0,0,3,0,0,0,0,0,0,1,1,18,0,0,0,0,0,0,0,0,5,2,0,1,2,1,0,0,1,0,0,4,0,0,5,2,7,47,637,0,0,2,0,0,0,2,0,0,0,0,0,0,0,0,0,0,1,0
Veterinary services              ,0,0,0,0,0,0,0,0,0,0,0,0,0,0,0,0,0,0,0,0,0,0,0,0,0,0,0,0,0,0,0,0,0,0,0,0,0,0,0,0,0,0,0,0,0,0,0,0,0,0,0,0,0,0,0,0,0,0,0,0,0,0,0,0,0,0,0,0,0,0,0,0,0,0,0,0,0,0,0,0,0,0,0,0,0,0,1,0,0,0,0,0,0,0,0,0,0,0,0,0,0,0,0,0,0
Rental and leasing services            ,3,0,1,0,1,41,1,5,1,0,1,1,5,49,0,0,0,14,6,4,3,56,21,0,1,4,3,19,6,7,1,24,89,7,6,0,0,104,63,10,13,84,0,4,6,38,8,0,0,58,0,0,1,1,183,0,638,7,215,7,206,209,523,205,177,20,4,50,52,57,15,222,15,0,0,0,0,0,18,3,4,24,18,70,42,16,0,215,19,0,3,4,21,1,193,207,1,0,1,2,9,0,13,91,0
Employment services              ,4,0,0,0,0,7,0,3,1,0,0,0,2,24,0,0,0,23,15,3,0,8,5,0,0,2,3,18,5,24,0,14,20,2,2,0,0,86,37,8,6,10,0,0,4,6,2,0,0,46,0,0,0,0,0,0,1,45,436,6,0,1,0,0,0,0,0,10,12,0,1,99,8,998,129,364,0,0,44,3,1,18,37,13,3,9,0,15,776,0,1,1,21,0,0,0,0,0,0,0,1,0,9,24,0
"Travel agency, tour operator and other reservation services and related services     ",0,0,0,0,0,0,0,0,0,0,0,0,0,0,0,0,0,0,0,0,0,0,0,0,0,0,0,0,0,0,0,0,0,0,0,0,0,0,0,0,0,0,0,0,0,0,0,0,0,0,0,0,0,0,0,0,0,0,0,0,0,0,0,0,0,0,0,0,0,0,0,0,0,0,0,0,0,0,0,0,0,0,0,0,0,0,0,0,0,0,0,0,0,0,0,0,0,0,0,0,0,0,0,0,0
Security and investigation services            ,0,0,0,0,0,0,0,0,0,0,0,0,0,0,0,0,0,0,0,0,0,0,0,0,0,0,0,0,0,0,0,0,0,0,0,0,0,0,0,0,0,0,0,0,0,0,0,0,0,0,0,0,0,0,0,0,0,0,0,0,0,0,0,0,0,0,0,0,0,0,0,0,0,0,0,0,0,0,0,0,0,0,0,0,0,0,0,0,0,0,0,0,0,0,0,0,0,0,0,0,0,0,0,0,0
Services to buildings and landscape           ,0,0,0,0,0,0,0,0,0,0,0,0,0,0,0,0,0,0,0,0,0,0,0,0,0,0,0,0,0,0,0,0,0,0,0,0,0,0,0,0,0,0,0,0,0,0,0,0,0,0,0,0,0,0,0,0,0,0,0,0,0,0,0,0,0,0,0,0,0,0,0,0,0,0,0,0,0,0,0,0,0,0,0,0,0,0,0,0,0,0,0,4,0,0,0,0,0,0,0,0,0,0,0,0,0
"Office administrative, office support and other business support services       ",0,0,0,0,4,0,71,0,0,0,2,2,0,2,0,2,0,1,2,0,1,1,2,15,3,4,3,0,40,1,96,130,2,18,4,3,0,16,145,50,239,90,0,0,4,4,4,0,0,45,165,164,0,0,137,2,49,271,"1,789",871,42,374,0,46,405,47,107,455,98,243,455,"1,540",89,"3,435",258,223,22,0,281,95,184,"1,201",46,151,227,63,21,126,106,152,4,16,"4,178",560,491,666,241,137,32,56,83,254,10,47,0
Public administration and defence services; compulsory social security services       ,0,0,0,0,0,0,1,0,0,0,0,0,0,0,0,0,0,0,0,0,0,0,0,0,0,0,0,0,0,0,0,0,0,0,0,0,0,0,0,0,0,0,0,0,0,0,0,0,0,0,0,0,0,0,0,0,101,0,2,0,0,155,0,0,0,0,0,6,0,0,0,12,0,0,0,0,0,0,382,0,0,11,242,9,0,4,0,1,0,0,0,1,1,26,0,0,0,0,0,0,0,0,0,0,0
Education services              ,0,0,0,0,0,0,0,0,0,0,0,0,0,0,0,0,0,0,0,0,0,0,0,0,0,0,0,0,0,0,0,2,0,0,0,0,0,1,3,0,0,0,0,0,0,0,0,0,0,0,0,0,0,0,0,0,0,0,2,0,0,0,9,24,0,0,0,1,1,0,1,22,0,0,0,0,0,0,0,0,0,2,1,1,0,1,0,0,2,0,0,0,2,0,0,0,0,0,0,0,0,0,1,4,0
Human health services             ,0,0,0,0,0,0,0,0,0,0,0,0,0,0,0,0,0,0,0,0,0,0,0,0,0,0,0,0,0,0,0,0,0,0,0,0,0,0,0,0,0,0,0,0,0,0,0,0,0,0,0,0,0,0,0,0,0,0,0,0,0,0,0,0,0,0,0,0,0,0,0,0,0,0,0,0,0,0,0,0,0,0,0,0,0,0,0,0,0,0,0,0,0,0,0,7,0,0,0,0,0,0,0,0,0
Residential Care  & Social Work Activities,0,0,0,0,0,0,0,0,0,0,0,0,0,0,0,0,0,0,0,0,0,0,0,0,0,0,0,0,0,0,0,0,0,0,0,0,0,0,0,0,0,0,0,0,0,0,0,0,0,0,0,0,0,0,0,0,0,0,0,0,0,0,0,0,0,0,0,0,1,0,0,0,0,1,1,0,0,0,0,0,0,0,0,0,0,0,0,0,0,0,0,0,0,3,0,3,14,0,0,0,0,0,0,0,0
"Creative, arts and entertainment services           ",0,0,0,0,0,0,0,0,0,0,0,0,0,0,0,0,0,0,0,0,0,0,0,0,0,0,0,0,0,0,0,0,0,0,0,0,0,0,0,0,0,0,0,0,0,0,0,0,0,0,0,0,0,0,0,0,0,0,1,0,0,0,0,0,0,0,0,1,3,0,0,1,0,22,0,3,0,0,1,0,0,0,0,0,0,2,0,0,0,0,0,0,1,0,0,0,0,149,5,0,0,0,0,0,0
"Libraries, archives, museums and other cultural services         ",0,0,0,0,0,0,0,0,0,0,0,0,0,0,0,0,0,0,0,0,0,0,0,0,0,0,0,0,0,0,0,0,0,0,0,0,0,0,0,0,0,0,0,0,0,0,0,0,0,0,0,0,0,0,0,0,0,0,0,0,0,0,0,0,0,0,0,0,0,0,0,0,0,0,0,0,0,0,0,0,0,0,0,0,0,0,0,0,0,0,0,0,0,0,0,0,0,0,1,0,0,0,0,0,0
Gambling and betting services            ,0,0,0,0,0,0,0,0,0,0,0,0,0,0,0,0,0,0,0,0,0,0,0,0,0,0,0,0,0,0,0,0,0,0,0,0,0,0,0,0,0,0,0,0,0,0,0,0,0,0,0,0,0,0,0,0,0,0,0,0,0,0,0,0,0,0,0,0,0,0,0,0,0,0,0,0,0,0,0,0,0,0,0,0,0,0,0,0,0,0,0,0,0,0,0,0,0,0,0,0,0,0,0,0,0
Sports services and amusement and recreation services         ,0,0,0,0,0,0,0,0,0,0,0,0,0,0,0,0,0,0,0,0,0,0,0,0,0,0,0,0,0,0,0,0,0,0,0,0,0,0,0,0,0,0,0,0,0,0,0,0,0,0,0,0,0,0,0,0,0,0,0,0,0,0,0,0,0,0,0,0,0,0,0,0,0,0,0,0,0,0,0,0,0,0,0,0,0,0,0,0,0,0,0,0,0,0,0,0,0,0,0,0,0,0,0,0,0
Services furnished by membership organisations           ,0,0,0,0,0,0,0,0,0,0,0,0,0,0,0,0,0,0,0,0,0,0,0,0,0,0,0,0,0,0,0,0,0,0,0,0,0,0,1,0,0,0,0,0,0,0,0,0,0,0,0,0,0,0,0,0,0,0,0,0,0,0,0,0,0,0,0,0,0,5,0,1,0,0,0,0,0,0,0,0,0,0,0,0,11,0,0,0,0,0,0,0,0,0,0,0,0,1,0,9,2,0,0,0,0
Repair services of computers and personal and household goods       ,0,0,0,0,0,0,0,0,0,0,0,0,0,0,0,0,0,0,0,0,0,0,0,0,0,0,0,0,0,0,0,0,0,0,0,0,0,0,0,0,0,0,0,0,0,0,0,0,0,0,0,0,0,0,0,0,0,0,3,0,0,0,0,0,0,0,0,1,0,0,0,0,0,1,0,0,0,0,0,0,0,0,0,0,0,0,0,0,1,0,0,0,0,0,0,1,0,0,0,0,0,0,30,3,0
Other personal services             ,0,0,1,0,0,0,0,0,0,0,0,0,0,0,0,0,0,0,0,0,0,0,0,0,0,0,0,0,0,0,0,0,0,0,0,0,0,0,0,0,0,0,0,0,0,0,0,0,0,0,0,0,0,0,0,0,0,0,0,0,0,0,0,0,0,0,0,1,0,1,0,0,0,0,0,0,0,0,0,0,0,0,0,0,1,0,0,0,0,0,0,0,0,0,0,0,0,0,0,0,0,0,0,1,0
Services of households as employers of domestic personnel        ,0,0,0,0,0,0,0,0,0,0,0,0,0,0,0,0,0,0,0,0,0,0,0,0,0,0,0,0,0,0,0,0,0,0,0,0,0,0,0,0,0,0,0,0,0,0,0,0,0,0,0,0,0,0,0,0,0,0,0,0,0,0,0,0,0,0,0,0,0,0,0,0,0,0,0,0,0,0,0,0,0,0,0,0,0,0,0,0,0,0,0,0,0,0,0,0,0,0,0,0,0,0,0,0,0